name,actor,information,date,star,evaluate,introduction
肖申克的救赎,导演: 弗兰克·德拉邦特 Frank Darabont   主演: 蒂姆·罗宾斯 Tim Robbins /...,希望让人自由。,,9.7,2932160人评价,希望让人自由。
霸王别姬,导演: 陈凯歌 Kaige Chen   主演: 张国荣 Leslie Cheung / 张丰毅 Fengyi Zha...,风华绝代。,,9.6,2165334人评价,风华绝代。
阿甘正传,导演: 罗伯特·泽米吉斯 Robert Zemeckis   主演: 汤姆·汉克斯 Tom Hanks / ...,一部美国近现代史。,,9.5,2185930人评价,一部美国近现代史。
泰坦尼克号,导演: 詹姆斯·卡梅隆 James Cameron   主演: 莱昂纳多·迪卡普里奥 Leonardo...,失去的才是永恒的。 ,,9.5,2218854人评价,失去的才是永恒的。
这个杀手不太冷,导演: 吕克·贝松 Luc Besson   主演: 让·雷诺 Jean Reno / 娜塔莉·波特曼 ...,怪蜀黍和小萝莉不得不说的故事。,,9.4,2318358人评价,怪蜀黍和小萝莉不得不说的故事。
千与千寻,导演: 宫崎骏 Hayao Miyazaki   主演: 柊瑠美 Rumi Hîragi / 入野自由 Miy...,最好的宫崎骏，最好的久石让。 ,,9.4,2269514人评价,最好的宫崎骏，最好的久石让。
美丽人生,导演: 罗伯托·贝尼尼 Roberto Benigni   主演: 罗伯托·贝尼尼 Roberto Beni...,最美的谎言。,,9.6,1340707人评价,最美的谎言。
星际穿越,导演: 克里斯托弗·诺兰 Christopher Nolan   主演: 马修·麦康纳 Matthew Mc...,爱是一种力量，让我们超越时空感知它的存在。,,9.4,1872915人评价,爱是一种力量，让我们超越时空感知它的存在。
辛德勒的名单,导演: 史蒂文·斯皮尔伯格 Steven Spielberg   主演: 连姆·尼森 Liam Neeson...,拯救一个人，就是拯救整个世界。,,9.6,1118617人评价,拯救一个人，就是拯救整个世界。
盗梦空间,导演: 克里斯托弗·诺兰 Christopher Nolan   主演: 莱昂纳多·迪卡普里奥 Le...,诺兰给了我们一场无法盗取的梦。,,9.4,2089971人评价,诺兰给了我们一场无法盗取的梦。
楚门的世界,导演: 彼得·威尔 Peter Weir   主演: 金·凯瑞 Jim Carrey / 劳拉·琳妮 Lau...,如果再也不能见到你，祝你早安，午安，晚安。,,9.4,1736907人评价,如果再也不能见到你，祝你早安，午安，晚安。
忠犬八公的故事,导演: 莱塞·霍尔斯道姆 Lasse Hallström   主演: 理查·基尔 Richard Ger...,永远都不能忘记你所爱的人。,,9.4,1411903人评价,永远都不能忘记你所爱的人。
海上钢琴师,导演: 朱塞佩·托纳多雷 Giuseppe Tornatore   主演: 蒂姆·罗斯 Tim Roth / ...,每个人都要走一条自己坚定了的路，就算是粉身碎骨。 ,,9.3,1695284人评价,每个人都要走一条自己坚定了的路，就算是粉身碎骨。
三傻大闹宝莱坞,导演: 拉库马·希拉尼 Rajkumar Hirani   主演: 阿米尔·汗 Aamir Khan / 卡...,英俊版憨豆，高情商版谢耳朵。,,9.2,1877957人评价,英俊版憨豆，高情商版谢耳朵。
放牛班的春天,导演: 克里斯托夫·巴拉蒂 Christophe Barratier   主演: 让-巴蒂斯特·莫尼...,天籁一般的童声，是最接近上帝的存在。 ,,9.3,1326611人评价,天籁一般的童声，是最接近上帝的存在。
机器人总动员,导演: 安德鲁·斯坦顿 Andrew Stanton   主演: 本·贝尔特 Ben Burtt / 艾丽...,小瓦力，大人生。,,9.3,1331049人评价,小瓦力，大人生。
疯狂动物城,导演: 拜伦·霍华德 Byron Howard / 瑞奇·摩尔 Rich Moore   主演: 金妮弗·...,迪士尼给我们营造的乌托邦就是这样，永远善良勇敢，永远出乎意料。,,9.2,1965593人评价,迪士尼给我们营造的乌托邦就是这样，永远善良勇敢，永远出乎意料。
无间道,导演: 刘伟强 / 麦兆辉   主演: 刘德华 Andy Lau / 梁朝伟 Tony Leung Chiu W...,香港电影史上永不过时的杰作。,,9.3,1381931人评价,香港电影史上永不过时的杰作。
控方证人,导演: 比利·怀尔德 Billy Wilder   主演: 泰隆·鲍华 Tyrone Power / 玛琳·...,比利·怀德满分作品。,,9.6,573433人评价,比利·怀德满分作品。
大话西游之大圣娶亲,导演: 刘镇伟 Jeffrey Lau   主演: 周星驰 Stephen Chow / 吴孟达 Man Tat Ng...,一生所爱。,,9.2,1549965人评价,一生所爱。
熔炉,导演: 黄东赫 Dong-hyuk Hwang   主演: 孔侑 Yoo Gong / 郑有美 Yu-mi Jung /...,我们一路奋战不是为了改变世界，而是为了不让世界改变我们。,,9.4,940991人评价,我们一路奋战不是为了改变世界，而是为了不让世界改变我们。
教父,导演: 弗朗西斯·福特·科波拉 Francis Ford Coppola   主演: 马龙·白兰度 M...,千万不要记恨你的对手，这样会让你失去理智。,,9.3,979934人评价,千万不要记恨你的对手，这样会让你失去理智。
触不可及,导演: 奥利维·那卡什 Olivier Nakache / 艾力克·托兰达 Eric Toledano   主...,满满温情的高雅喜剧。,,9.3,1131087人评价,满满温情的高雅喜剧。
当幸福来敲门,导演: 加布里尔·穆奇诺 Gabriele Muccino   主演: 威尔·史密斯 Will Smith ...,平民励志片。 ,,9.2,1536217人评价,平民励志片。
末代皇帝,导演: 贝纳尔多·贝托鲁奇 Bernardo Bertolucci   主演: 尊龙 John Lone / 陈...,“不要跟我比惨，我比你更惨”再适合这部电影不过了。,,9.3,898461人评价,“不要跟我比惨，我比你更惨”再适合这部电影不过了。
寻梦环游记,导演: 李·昂克里奇 Lee Unkrich / 阿德里安·莫利纳 Adrian Molina   主演: ...,死亡不是真的逝去，遗忘才是永恒的消亡。,,9.1,1706344人评价,死亡不是真的逝去，遗忘才是永恒的消亡。
龙猫,导演: 宫崎骏 Hayao Miyazaki   主演: 日高法子 Noriko Hidaka / 坂本千夏 Ch...,人人心中都有个龙猫，童年就永远不会消失。,,9.2,1280309人评价,人人心中都有个龙猫，童年就永远不会消失。
怦然心动,导演: 罗伯·莱纳 Rob Reiner   主演: 玛德琳·卡罗尔 Madeline Carroll / 卡...,真正的幸福是来自内心深处。,,9.1,1853551人评价,真正的幸福是来自内心深处。
活着,导演: 张艺谋 Yimou Zhang   主演: 葛优 You Ge / 巩俐 Li Gong / 姜武 Wu Jiang,张艺谋最好的电影。,,9.3,856762人评价,张艺谋最好的电影。
蝙蝠侠：黑暗骑士,导演: 克里斯托弗·诺兰 Christopher Nolan   主演: 克里斯蒂安·贝尔 Christ...,无尽的黑暗。,,9.2,1074473人评价,无尽的黑暗。
哈利·波特与魔法石,导演: Chris Columbus   主演: Daniel Radcliffe / Emma Watson / Rupert Grint,童话世界的开端。,,9.2,1209892人评价,童话世界的开端。
指环王3：王者无敌,导演: 彼得·杰克逊 Peter Jackson   主演: 伊利亚·伍德 Elijah Wood / 西恩...,史诗的终章。,,9.3,813239人评价,史诗的终章。
我不是药神,导演: 文牧野 Muye Wen   主演: 徐峥 Zheng Xu / 王传君 Chuanjun Wang / 周...,对我们国家而言，这样的电影多一部是一部。,,9.0,2128981人评价,对我们国家而言，这样的电影多一部是一部。
乱世佳人,导演: 维克多·弗莱明 Victor Fleming / 乔治·库克 George Cukor   主演: 费...,Tomorrow is another day.,,9.3,699779人评价,Tomorrow is another day.
飞屋环游记,导演: 彼特·道格特 Pete Docter / 鲍勃·彼德森 Bob Peterson   主演: 爱德...,最后那些最无聊的事情，才是最值得怀念的。 ,,9.1,1341606人评价,最后那些最无聊的事情，才是最值得怀念的。
素媛,导演: 李濬益 Jun-ik Lee   主演: 薛景求 Kyung-gu Sol / 严志媛 Ji-won Uhm ...,受过伤害的人总是笑得最开心，因为他们不愿意让身边的人承受一样的痛苦。,,9.3,695165人评价,受过伤害的人总是笑得最开心，因为他们不愿意让身边的人承受一样的痛苦。
哈尔的移动城堡,导演: 宫崎骏 Hayao Miyazaki   主演: 倍赏千惠子 Chieko Baishô / 木村拓...,带着心爱的人在天空飞翔。,,9.1,1039466人评价,带着心爱的人在天空飞翔。
十二怒汉,导演: Sidney Lumet   主演: 亨利·方达 Henry Fonda / 马丁·鲍尔萨姆 Marti...,1957年的理想主义。 ,,9.4,497969人评价,1957年的理想主义。
何以为家,导演: 娜丁·拉巴基 Nadine Labaki   主演: 扎因·拉费阿 Zain al-Rafeea / ...,凝视卑弱生命，用电影改变命运。,,9.1,1056519人评价,凝视卑弱生命，用电影改变命运。
摔跤吧！爸爸,导演: 涅提·蒂瓦里 Nitesh Tiwari   主演: 阿米尔·汗 Aamir Khan / 法缇玛...,你不是在为你一个人战斗，你要让千千万万的女性看到女生并不是只能相夫教子。,,9.0,1585828人评价,你不是在为你一个人战斗，你要让千千万万的女性看到女生并不是只能相夫教子。
让子弹飞,导演: 姜文 Wen Jiang   主演: 姜文 Wen Jiang / 葛优 You Ge / 周润发 Yun-F...,你给我翻译翻译，神马叫做TMD的惊喜。,,9.0,1719017人评价,你给我翻译翻译，神马叫做TMD的惊喜。
猫鼠游戏,导演: 史蒂文·斯皮尔伯格 Steven Spielberg   主演: 莱昂纳多·迪卡普里奥 L...,骗子大师和执著警探的你追我跑故事。 ,,9.1,1041583人评价,骗子大师和执著警探的你追我跑故事。
天空之城,导演: 宫崎骏 Hayao Miyazaki   主演: 田中真弓 Mayumi Tanaka / 横泽启子 Ke...,对天空的追逐，永不停止。 ,,9.2,885481人评价,对天空的追逐，永不停止。
鬼子来了,导演: 姜文 Wen Jiang   主演: 姜文 Wen Jiang / 香川照之 Teruyuki Kagawa /...,对敌人的仁慈，就是对自己残忍。,,9.3,634203人评价,对敌人的仁慈，就是对自己残忍。
少年派的奇幻漂流,导演: 李安 Ang Lee   主演: 苏拉·沙玛 Suraj Sharma / 伊尔凡·可汗 Irrfan...,瑰丽壮观、无人能及的冒险之旅。,,9.1,1362341人评价,瑰丽壮观、无人能及的冒险之旅。
海蒂和爷爷,导演: 阿兰·葛斯彭纳 Alain Gsponer   主演: 阿努克·斯特芬 Anuk Steffen /...,如果生活中有什么使你感到快乐，那就去做吧！不要管别人说什么。,,9.3,627960人评价,如果生活中有什么使你感到快乐，那就去做吧！不要管别人说什么。
钢琴家,导演: 罗曼·波兰斯基 Roman Polanski   主演: 艾德里安·布洛迪 Adrien Brod...,音乐能化解仇恨。,,9.3,650159人评价,音乐能化解仇恨。
大话西游之月光宝盒,导演: 刘镇伟 Jeffrey Lau   主演: 周星驰 Stephen Chow / 吴孟达 Man Tat Ng...,旷古烁今。,,9.0,1234140人评价,旷古烁今。
指环王2：双塔奇兵,导演: 彼得·杰克逊 Peter Jackson   主演: 伊利亚·伍德 Elijah Wood / 西恩...,承前启后的史诗篇章。,,9.2,762955人评价,承前启后的史诗篇章。
闻香识女人,导演: 马丁·布莱斯 Martin Brest   主演: 阿尔·帕西诺 Al Pacino / 克里斯...,史上最美的探戈。,,9.1,897675人评价,史上最美的探戈。
罗马假日,导演: 威廉·惠勒 William Wyler   主演: 奥黛丽·赫本 Audrey Hepburn / 格...,爱情哪怕只有一天。,,9.1,959524人评价,爱情哪怕只有一天。
死亡诗社,导演: 彼得·威尔 Peter Weir   主演: 罗宾·威廉姆斯 Robin Williams / 罗伯...,当一个死水般的体制内出现一个活跃的变数时，所有的腐臭都站在了光明的对面。,,9.2,737773人评价,当一个死水般的体制内出现一个活跃的变数时，所有的腐臭都站在了光明的对面。
绿皮书,导演: 彼得·法雷里 Peter Farrelly   主演: 维果·莫腾森 Viggo Mortensen /...,去除成见，需要勇气。,,8.9,1669858人评价,去除成见，需要勇气。
天堂电影院,导演: 朱塞佩·托纳多雷 Giuseppe Tornatore   主演: 菲利普·努瓦雷 Philipp...,那些吻戏，那些青春，都在影院的黑暗里被泪水冲刷得无比清晰。,,9.2,684685人评价,那些吻戏，那些青春，都在影院的黑暗里被泪水冲刷得无比清晰。
大闹天宫,导演: 万籁鸣 Laiming Wan   主演: 邱岳峰 Yuefeng Qiu / 富润生 Runsheng Fu...,经典之作，历久弥新。,,9.4,444402人评价,经典之作，历久弥新。
指环王1：护戒使者,导演: 彼得·杰克逊 Peter Jackson   主演: 伊利亚·伍德 Elijah Wood / 西恩...,传说的开始。,,9.1,857457人评价,传说的开始。
黑客帝国,导演: 安迪·沃卓斯基 Andy Wachowski / 拉娜·沃卓斯基 Lana Wachowski   主...,视觉革命。,,9.1,846969人评价,视觉革命。
教父2,导演: 弗朗西斯·福特·科波拉 Francis Ford Coppola   主演: 阿尔·帕西诺 A...,优雅的孤独。,,9.3,560101人评价,优雅的孤独。
狮子王,导演: Roger Allers / 罗伯·明可夫 Rob Minkoff   主演: 乔纳森·泰勒·托马...,动物版《哈姆雷特》。,,9.1,853356人评价,动物版《哈姆雷特》。
辩护人,导演: 杨宇硕 Woo-seok Yang   主演: 宋康昊 Kang-ho Song / 金英爱 Yeong-ae...,电影的现实意义大过电影本身。,,9.2,594178人评价,电影的现实意义大过电影本身。
饮食男女,导演: 李安 Ang Lee   主演: 郎雄 Sihung Lung / 杨贵媚 Kuei-Mei Yang / 吴...,人生不能像做菜，把所有的料都准备好了才下锅。,,9.2,628736人评价,人生不能像做菜，把所有的料都准备好了才下锅。
搏击俱乐部,导演: 大卫·芬奇 David Fincher   主演: 爱德华·诺顿 Edward Norton / 布拉...,邪恶与平庸蛰伏于同一个母体，在特定的时间互相对峙。,,9.0,855413人评价,邪恶与平庸蛰伏于同一个母体，在特定的时间互相对峙。
美丽心灵,导演: 朗·霍华德 Ron Howard   主演: 罗素·克劳 Russell Crowe / 艾德·哈...,爱是一切逻辑和原由。,,9.1,776988人评价,爱是一切逻辑和原由。
本杰明·巴顿奇事,导演: 大卫·芬奇 David Fincher   主演: 凯特·布兰切特 Cate Blanchett / ...,在时间之河里感受溺水之苦。,,9.0,994134人评价,在时间之河里感受溺水之苦。
穿条纹睡衣的男孩,导演: 马克·赫尔曼 Mark Herman   主演: 阿萨·巴特菲尔德 Asa Butterfield ...,尽管有些不切实际的幻想，这部电影依旧是一部感人肺腑的佳作。,,9.2,573017人评价,尽管有些不切实际的幻想，这部电影依旧是一部感人肺腑的佳作。
窃听风暴,导演: 弗洛里安·亨克尔·冯·多纳斯马尔克 Florian Henckel von Donnersmarck  &n...,别样人生。,,9.2,570529人评价,别样人生。
情书,导演: 岩井俊二 Shunji Iwai   主演: 中山美穗 Miho Nakayama / 丰川悦司 Ets...,暗恋的极致。,,8.9,1127934人评价,暗恋的极致。
两杆大烟枪,导演: 盖·里奇 Guy Ritchie   主演: 杰森·弗莱明 Jason Flemyng / 德克斯特...,4个臭皮匠顶个诸葛亮，盖·里奇果然不是盖的。,,9.1,600831人评价,4个臭皮匠顶个诸葛亮，盖·里奇果然不是盖的。
西西里的美丽传说,导演: 朱塞佩·托纳多雷 Giuseppe Tornatore   主演: 莫妮卡·贝鲁奇 Monica ...,美丽无罪。,,8.9,985612人评价,美丽无罪。
看不见的客人,导演: 奥里奥尔·保罗 Oriol Paulo   主演: 马里奥·卡萨斯 Mario Casas / 阿...,你以为你以为的就是你以为的。,,8.8,1285356人评价,你以为你以为的就是你以为的。
音乐之声,导演: 罗伯特·怀斯 Robert Wise   主演: 朱莉·安德鲁斯 Julie Andrews / 克...,用音乐化解仇恨，让歌声串起美好。,,9.1,609643人评价,用音乐化解仇恨，让歌声串起美好。
阿凡达,导演: 詹姆斯·卡梅隆 James Cameron   主演: 萨姆·沃辛顿 Sam Worthington ...,绝对意义上的美轮美奂。,,8.8,1435698人评价,绝对意义上的美轮美奂。
拯救大兵瑞恩,导演: 史蒂文·斯皮尔伯格 Steven Spielberg   主演: 汤姆·汉克斯 Tom Hanks...,美利坚精神输出大片No1.,,9.1,654177人评价,美利坚精神输出大片No1.
哈利·波特与死亡圣器(下),导演: 大卫·叶茨 David Yates   主演: 丹尼尔·雷德克里夫 Daniel Radcliffe...,10年的完美句点。,,9.0,843114人评价,10年的完美句点。
飞越疯人院,导演: 米洛斯·福尔曼 Miloš Forman   主演: 杰克·尼科尔森 Jack Nichols...,自由万岁。,,9.1,552298人评价,自由万岁。
小鞋子,导演: 马基德·马基迪 Majid Majidi   主演: 默罕默德·阿米尔·纳吉 Mohamma...,奔跑的孩子是天使。,,9.2,415763人评价,奔跑的孩子是天使。
沉默的羔羊,导演: 乔纳森·戴米 Jonathan Demme   主演: 朱迪·福斯特 Jodie Foster / 安...,安东尼·霍普金斯的顶级表演。,,8.9,900423人评价,安东尼·霍普金斯的顶级表演。
布达佩斯大饭店,导演: 韦斯·安德森 Wes Anderson   主演: 拉尔夫·费因斯 Ralph Fiennes / ...,小清新的故事里注入了大历史的情怀。,,8.9,949252人评价,小清新的故事里注入了大历史的情怀。
禁闭岛,导演: Martin Scorsese   主演: 莱昂纳多·迪卡普里奥 Leonardo DiCaprio / ...,昔日翩翩少年，今日大腹便便。,,8.9,989964人评价,昔日翩翩少年，今日大腹便便。
功夫,导演: 周星驰 Stephen Chow   主演: 周星驰 Stephen Chow / 元秋 Qiu Yuen / ...,警恶惩奸，维护世界和平这个任务就交给你了，好吗？,,8.8,1150347人评价,警恶惩奸，维护世界和平这个任务就交给你了，好吗？
蝴蝶效应,导演: 埃里克·布雷斯 Eric Bress / J·麦基·格鲁伯 J. Mackye Gruber   主...,人的命运被自己瞬间的抉择改变。,,8.9,949313人评价,人的命运被自己瞬间的抉择改变。
致命魔术,导演: 克里斯托弗·诺兰 Christopher Nolan   主演: 休·杰克曼 Hugh Jackman...,孪生蝙蝠侠大战克隆金刚狼。,,8.9,871049人评价,孪生蝙蝠侠大战克隆金刚狼。
哈利·波特与阿兹卡班的囚徒,导演: Alfonso Cuarón   主演: 丹尼尔·雷德克里夫 Daniel Radcliffe / Emma...,不一样的导演，不一样的哈利·波特。,,8.9,742916人评价,不一样的导演，不一样的哈利·波特。
心灵捕手,导演: 格斯·范·桑特 Gus Van Sant   主演: 马特·达蒙 Matt Damon / 罗宾·...,人生中应该拥有这样的一段豁然开朗。,,8.9,722685人评价,人生中应该拥有这样的一段豁然开朗。
超脱,导演: 托尼·凯耶 Tony Kaye   主演: 艾德里安·布洛迪 Adrien Brody / 马西...,穷尽一生，我们要学会的，不过是彼此拥抱。,,9.0,611750人评价,穷尽一生，我们要学会的，不过是彼此拥抱。
海豚湾,导演: 路易·西霍尤斯 Louie Psihoyos   主演: 路易·西霍尤斯 Louie Psihoyo...,海豚的微笑，是世界上最高明的伪装。,,9.3,359706人评价,海豚的微笑，是世界上最高明的伪装。
低俗小说,导演: 昆汀·塔伦蒂诺 Quentin Tarantino   主演: 约翰·特拉沃尔塔 John Tra...,故事的高级讲法。,,8.9,842897人评价,故事的高级讲法。
春光乍泄,导演: 王家卫 Kar Wai Wong   主演: 张国荣 Leslie Cheung / 梁朝伟 Tony Leu...,爱情纠缠，男女一致。,,9.0,639229人评价,爱情纠缠，男女一致。
摩登时代,导演: 查理·卓别林 Charles Chaplin   主演: 查理·卓别林 Charles Chaplin ...,大时代中的人生，小人物的悲喜。,,9.3,305200人评价,大时代中的人生，小人物的悲喜。
美国往事,导演: 赛尔乔·莱翁内 Sergio Leone   主演: 罗伯特·德尼罗 Robert De Niro ...,往事如烟，无处祭奠。,,9.2,416641人评价,往事如烟，无处祭奠。
喜剧之王,导演: 周星驰 Stephen Chow / 李力持 Lik-Chi Lee   主演: 周星驰 Stephen Ch...,我是一个演员。,,8.8,981146人评价,我是一个演员。
致命ID,导演: 詹姆斯·曼高德 James Mangold   主演: 约翰·库萨克 John Cusack / 雷...,最不可能的那个人永远是最可能的。,,8.9,835795人评价,最不可能的那个人永远是最可能的。
杀人回忆,导演: 奉俊昊 Joon-ho Bong   主演: 宋康昊 Kang-ho Song / 金相庆 Sang-kyun...,关于连环杀人悬案的集体回忆。,,8.9,724266人评价,关于连环杀人悬案的集体回忆。
七宗罪,导演: 大卫·芬奇 David Fincher   主演: 摩根·弗里曼 Morgan Freeman / 布...,警察抓小偷，老鼠玩死猫。,,8.8,951542人评价,警察抓小偷，老鼠玩死猫。
红辣椒,导演: 今敏 Satoshi Kon   主演: 林原惠美 Megumi Hayashibara / 江守彻 Toru...,梦的勾结。,,9.1,472335人评价,梦的勾结。
加勒比海盗,导演: 戈尔·维宾斯基 Gore Verbinski   主演: 约翰尼·德普 Johnny Depp / ...,约翰尼·德普的独角戏。,,8.8,868917人评价,约翰尼·德普的独角戏。
哈利·波特与密室,导演: Chris Columbus   主演: 丹尼尔·雷德克里夫 Daniel Radcliffe / 艾玛...,魔法的密室之门已打开...,,8.9,770179人评价,魔法的密室之门已打开...
一一,导演: 杨德昌 Edward Yang   主演: 吴念真 / 李凯莉 Kelly Lee / 金燕玲 Elai...,我们都曾经是一一。,,9.1,400887人评价,我们都曾经是一一。
狩猎,导演: 托马斯·温特伯格 Thomas Vinterberg   主演: 麦斯·米科尔森 Mads Mik...,人言可畏。,,9.1,397316人评价,人言可畏。
唐伯虎点秋香,导演: 李力持 Lik-Chi Lee   主演: 周星驰 Stephen Chow / 巩俐 Li Gong / 陈...,华太师是黄霑，吴镇宇四大才子之一。,,8.7,1092722人评价,华太师是黄霑，吴镇宇四大才子之一。
7号房的礼物,导演: 李焕庆 Hwan-kyeong Lee   主演: 柳承龙 Seung-yong Ryoo / 朴信惠 Shi...,《我是山姆》的《美丽人生》。,,8.9,563343人评价,《我是山姆》的《美丽人生》。
被嫌弃的松子的一生,导演: 中岛哲也 Tetsuya Nakashima   主演: 中谷美纪 Miki Nakatani / 瑛太 E...,以戏谑来戏谑戏谑。,,8.9,709789人评价,以戏谑来戏谑戏谑。
请以你的名字呼唤我,导演: 卢卡·瓜达尼诺 Luca Guadagnino   主演: 艾米·汉莫 Armie Hammer / ...,沉醉在电影的情感和视听氛围中无法自拔。,,8.8,731002人评价,沉醉在电影的情感和视听氛围中无法自拔。
蝙蝠侠：黑暗骑士崛起,导演: 克里斯托弗·诺兰 Christopher Nolan   主演: 克里斯蒂安·贝尔 Christ...,诺兰就是保证。,,8.8,731384人评价,诺兰就是保证。
断背山,导演: 李安 Ang Lee   主演: 希斯·莱杰 Heath Ledger / 杰克·吉伦哈尔 Jake...,每个人心中都有一座断背山。,,8.8,713029人评价,每个人心中都有一座断背山。
剪刀手爱德华,导演: 蒂姆·波顿 Tim Burton   主演: 约翰尼·德普 Johnny Depp / 薇诺娜·...,浪漫忧郁的成人童话。,,8.7,1043025人评价,浪漫忧郁的成人童话。
爱在黎明破晓前,导演: 理查德·林克莱特 Richard Linklater   主演: 伊桑·霍克 Ethan Hawke ...,缘分是个连绵词，最美不过一瞬。,,8.8,692883人评价,缘分是个连绵词，最美不过一瞬。
入殓师,导演: 泷田洋二郎 Yôjirô Takita   主演: 本木雅弘 Masahiro Motoki / ...,死可能是一道门，逝去并不是终结，而是超越，走向下一程。,,8.9,674424人评价,死可能是一道门，逝去并不是终结，而是超越，走向下一程。
第六感,导演: M·奈特·沙马兰 M. Night Shyamalan   主演: 布鲁斯·威利斯 Bruce Wi...,深入内心的恐怖，出人意料的结局。,,8.9,562370人评价,深入内心的恐怖，出人意料的结局。
勇敢的心,导演: 梅尔·吉布森 Mel Gibson   主演: 梅尔·吉布森 Mel Gibson / 苏菲·玛...,史诗大片的典范。,,8.9,562610人评价,史诗大片的典范。
重庆森林,导演: 王家卫 Kar Wai Wong   主演: 林青霞 Brigitte Lin / 金城武 Takeshi K...,寂寞没有期限。,,8.8,820370人评价,寂寞没有期限。
超能陆战队,导演: 唐·霍尔 Don Hall / 克里斯·威廉姆斯 Chris Williams   主演: 斯科特...,Balalala~~~,,8.7,1026195人评价,Balalala~~~
幽灵公主,导演: 宫崎骏 Hayao Miyazaki   主演: 松田洋治 Yôji Matsuda / 石田百合...,人与自然的战争史诗。,,8.9,529789人评价,人与自然的战争史诗。
甜蜜蜜,导演: 陈可辛 Peter Chan   主演: 黎明 Leon Lai / 张曼玉 Maggie Cheung / ...,相逢只要一瞬间，等待却像是一辈子。,,8.9,562854人评价,相逢只要一瞬间，等待却像是一辈子。
爱在日落黄昏时,导演: 理查德·林克莱特 Richard Linklater   主演: 伊桑·霍克 Ethan Hawke ...,九年后的重逢是世俗和责任的交叠，没了悸动和青涩，沧桑而温暖。,,8.9,569153人评价,九年后的重逢是世俗和责任的交叠，没了悸动和青涩，沧桑而温暖。
菊次郎的夏天,导演: 北野武 Takeshi Kitano   主演: 北野武 Takeshi Kitano / 关口雄介 Yus...,从没见过那么流氓的温柔，从没见过那么温柔的流氓。,,8.9,602803人评价,从没见过那么流氓的温柔，从没见过那么温柔的流氓。
借东西的小人阿莉埃蒂,导演: 米林宏昌 Hiromasa Yonebayashi   主演: 志田未来 Mirai Shida / 神木...,曾经的那段美好会沉淀为一辈子的记忆。,,8.9,560197人评价,曾经的那段美好会沉淀为一辈子的记忆。
消失的爱人,导演: 大卫·芬奇 David Fincher   主演: 本·阿弗莱克 Ben Affleck / 罗莎蒙...,年度最佳date movie。,,8.7,965467人评价,年度最佳date movie。
天使爱美丽,导演: 让-皮埃尔·热内 Jean-Pierre Jeunet   主演: 奥黛丽·塔图 Audrey Tau...,法式小清新。 ,,8.7,960348人评价,法式小清新。
阳光灿烂的日子,导演: 姜文 Wen Jiang   主演: 夏雨 Yu Xia / 宁静 Jing Ning / 陶虹 Hong Tao,一场华丽的意淫。,,8.8,620539人评价,一场华丽的意淫。
完美的世界,导演: 克林特·伊斯特伍德 Clint Eastwood   主演: 凯文·科斯特纳 Kevin Cos...,坏人的好总是比好人的好来得更感人。,,9.1,318878人评价,坏人的好总是比好人的好来得更感人。
小森林 夏秋篇,导演: 森淳一 Junichi Mori   主演: 桥本爱 Ai Hashimoto / 三浦贵大 Takahir...,那些静得只能听见呼吸的日子里，你明白孤独即生活。,,9.0,430119人评价,那些静得只能听见呼吸的日子里，你明白孤独即生活。
寄生虫,导演: 奉俊昊 Joon-ho Bong   主演: 宋康昊 Kang-ho Song / 李善均 Seon-gyun...,,,8.8,1384674人评价,
无人知晓,导演: 是枝裕和 Hirokazu Koreeda   主演: 柳乐优弥 Yûya Yagira / 北浦爱...,我的平常生活就是他人的幸福。,,9.1,322984人评价,我的平常生活就是他人的幸福。
倩女幽魂,导演: 程小东 Siu-Tung Ching   主演: 张国荣 Leslie Cheung / 王祖贤 Joey W...,两张绝世的脸。 ,,8.8,745487人评价,两张绝世的脸。
时空恋旅人,导演: 理查德·柯蒂斯 Richard Curtis   主演: 多姆纳尔·格里森 Domhnall Gl...,把每天当作最后一天般珍惜度过，积极拥抱生活，就是幸福。,,8.8,683159人评价,把每天当作最后一天般珍惜度过，积极拥抱生活，就是幸福。
侧耳倾听,导演: 近藤喜文 Yoshifumi Kondo   主演: 本名阳子 Youko Honna / 小林桂树 K...,少女情怀总是诗。,,8.9,468088人评价,少女情怀总是诗。
幸福终点站,导演: 史蒂文·斯皮尔伯格 Steven Spielberg   主演: 汤姆·汉克斯 Tom Hanks...,有时候幸福需要等一等。 ,,8.8,577729人评价,有时候幸福需要等一等。
小森林 冬春篇,导演: 森淳一 Junichi Mori   主演: 桥本爱 Ai Hashimoto / 三浦贵大 Takahir...,尊敬他人，尊敬你生活的这片土地，明白孤独是人生的常态。,,9.0,382914人评价,尊敬他人，尊敬你生活的这片土地，明白孤独是人生的常态。
驯龙高手,导演: 迪恩·德布洛斯 Dean DeBlois / 克里斯·桑德斯 Chris Sanders   主演:...,和谐的生活离不开摸头与被摸头。,,8.8,763692人评价,和谐的生活离不开摸头与被摸头。
未麻的部屋,导演: 今敏 Satoshi Kon   主演: 岩男润子 Junko Iwao / 松本梨香 Rica Matsu...,好的剧本是，就算你猜到了结局也猜不到全部。,,9.1,340983人评价,好的剧本是，就算你猜到了结局也猜不到全部。
哈利·波特与火焰杯,导演: 迈克·内威尔 Mike Newell   主演: 丹尼尔·雷德克里夫 Daniel Radclif...,,,8.8,671894人评价,
一个叫欧维的男人决定去死,导演: 汉内斯·赫尔姆 Hannes Holm   主演: 罗夫·拉斯加德 Rolf Lassgård...,惠及一生的美丽。,,8.9,490221人评价,惠及一生的美丽。
教父3,导演: 弗朗西斯·福特·科波拉 Francis Ford Coppola   主演: 阿尔·帕西诺 A...,任何信念的力量，都无法改变命运。,,9.0,379299人评价,任何信念的力量，都无法改变命运。
怪兽电力公司,导演: 彼特·道格特 Pete Docter / 大卫·斯沃曼 David Silverman   主演: 约...,不要给它起名字，起了名字就有感情了。,,8.8,681009人评价,不要给它起名字，起了名字就有感情了。
萤火之森,导演: 大森贵弘 Takahiro Omori   主演: 佐仓绫音 Ayane Sakura / 内山昂辉 K...,触不到的恋人。,,8.9,546064人评价,触不到的恋人。
傲慢与偏见,导演: 乔·怀特 Joe Wright   主演: 凯拉·奈特莉 Keira Knightley / 马修·...,爱是摈弃傲慢与偏见之后的曙光。,,8.7,810793人评价,爱是摈弃傲慢与偏见之后的曙光。
玩具总动员3,导演: 李·昂克里奇 Lee Unkrich   主演: 汤姆·汉克斯 Tom Hanks / 蒂姆·艾...,跨度十五年的欢乐与泪水。,,8.9,524295人评价,跨度十五年的欢乐与泪水。
新世界,导演: 朴勋政 Hoon-jung Park   主演: 李政宰 Jung-Jae Lee / 崔岷植 Min-sik...,要做就做得狠一点，这样才能活下去。,,8.9,443325人评价,要做就做得狠一点，这样才能活下去。
釜山行,导演: 延尚昊 Sang-ho Yeon   主演: 孔侑 Yoo Gong / 郑有美 Yu-mi Jung / 马...,揭露人性的丧尸题材力作。,,8.6,1212243人评价,揭露人性的丧尸题材力作。
被解救的姜戈,导演: 昆汀·塔伦蒂诺 Quentin Tarantino   主演: 杰米·福克斯 Jamie Foxx /...,热血沸腾，那个低俗、性感的无耻混蛋又来了。,,8.8,615826人评价,热血沸腾，那个低俗、性感的无耻混蛋又来了。
神偷奶爸,导演: 皮艾尔·柯芬 Pierre Coffin / 克里斯·雷纳德 Chris Renaud   主演: ...,Mr. I Don't Care其实也有Care的时候。,,8.7,956649人评价,Mr. I Don't Care其实也有Care的时候。
玛丽和马克思,导演: 亚当·艾略特 Adam Elliot   主演: 托妮·科莱特 Toni Collette / 菲利...,你是我最好的朋友，你是我唯一的朋友 。,,9.0,424446人评价,你是我最好的朋友，你是我唯一的朋友 。
告白,导演: 中岛哲也 Tetsuya Nakashima   主演: 松隆子 Takako Matsu / 冈田将生 ...,没有一人完全善，也没有一人完全恶。,,8.8,677303人评价,没有一人完全善，也没有一人完全恶。
茶馆,导演: 谢添 Tian Xie   主演: 于是之 Shizhi Yu / 郑榕 Rong Zhen / 蓝天野 T...,,,9.6,151082人评价,
哪吒闹海,导演: 王树忱 Shuchen Wang / 严定宪 Dingxian Yan   主演: 梁正晖 Zhenghui ...,想你时你在闹海。,,9.2,263167人评价,想你时你在闹海。
大鱼,导演: 蒂姆·波顿 Tim Burton   主演: 伊万·麦克格雷格 Ewan McGregor / 阿...,抱着梦想而活着的人是幸福的，怀抱梦想而死去的人是不朽的。,,8.8,573354人评价,抱着梦想而活着的人是幸福的，怀抱梦想而死去的人是不朽的。
九品芝麻官,导演: 王晶 Jing Wong   主演: 周星驰 Stephen Chow / 吴孟达 Man Tat Ng / ...,,,8.7,689931人评价,
喜宴,导演: 李安 Ang Lee   主演: 赵文瑄 Winston Chao / 归亚蕾 Ya-lei Kuei / 郎...,中国家庭的喜怒哀乐忍。,,9.0,368117人评价,中国家庭的喜怒哀乐忍。
模仿游戏,导演: 莫滕·泰杜姆 Morten Tyldum   主演: 本尼迪克特·康伯巴奇 Benedict C...,他给机器起名“克里斯托弗”，因为这是他初恋的名字。,,8.8,654517人评价,他给机器起名“克里斯托弗”，因为这是他初恋的名字。
头号玩家,导演: 史蒂文·斯皮尔伯格 Steven Spielberg   主演: 泰伊·谢里丹 Tye Sheri...,写给影迷，动漫迷和游戏迷的一封情书。,,8.7,1381665人评价,写给影迷，动漫迷和游戏迷的一封情书。
色，戒,导演: 李安 Ang Lee   主演: 梁朝伟 Tony Leung Chiu Wai / 汤唯 Wei Tang / ...,假戏真情，爱欲深海,,8.7,821131人评价,假戏真情，爱欲深海
射雕英雄传之东成西就,导演: 刘镇伟 Jeffrey Lau   主演: 梁朝伟 Tony Leung Chiu Wai / 林青霞 Bri...,百看不厌。 ,,8.7,644165人评价,百看不厌。
花样年华,导演: 王家卫 Kar Wai Wong   主演: 梁朝伟 Tony Leung Chiu Wai / 张曼玉 Ma...,偷情本没有这样美。,,8.7,616112人评价,偷情本没有这样美。
我是山姆,导演: 杰茜·尼尔森 Jessie Nelson   主演: Sean Penn / Dakota Fanning / Mi...,爱并不需要智商 。,,9.0,341505人评价,爱并不需要智商 。
阳光姐妹淘,导演: 姜炯哲 Hyeong-Cheol Kang   主演: 沈恩京 Eun-kyung Shim / 闵孝琳 Hy...,再多各自牛逼的时光，也比不上一起傻逼的岁月。 ,,8.8,594287人评价,再多各自牛逼的时光，也比不上一起傻逼的岁月。
头脑特工队,导演: 彼特·道格特 Pete Docter / 罗纳尔多·德尔·卡门 Ronaldo Del Carmen  &nb...,愿我们都不用长大，每一座城堡都能永远存在。,,8.8,622955人评价,愿我们都不用长大，每一座城堡都能永远存在。
血战钢锯岭,导演: 梅尔·吉布森 Mel Gibson   主演: 安德鲁·加菲尔德 Andrew Garfield /...,优秀的战争片不会美化战场，不会粉饰死亡，不会矮化敌人，不会无视常识，最重要的，不会宣扬战争。,,8.7,789648人评价,优秀的战争片不会美化战场，不会粉饰死亡，不会矮化敌人，不会无视常识，最重要的，不会宣扬战争。
七武士,导演: 黑泽明 Akira Kurosawa   主演: 三船敏郎 Toshirô Mifune / 志村乔 ...,时代悲歌。,,9.3,200789人评价,时代悲歌。
恐怖直播,导演: 金秉祐 Byeong-woo Kim   主演: 河正宇 Jung-woo Ha / 李璟荣 Kyeong-y...,恐怖分子的“秋菊打官司”。,,8.7,658601人评价,恐怖分子的“秋菊打官司”。
惊魂记,导演: 阿尔弗雷德·希区柯克 Alfred Hitchcock   主演: 安东尼·博金斯 Antho...,故事的反转与反转，分裂电影的始祖。,,9.0,299979人评价,故事的反转与反转，分裂电影的始祖。
黑客帝国3：矩阵革命,导演: 拉娜·沃卓斯基 Lana Wachowski / 莉莉·沃卓斯基 Lilly Wachowski   ...,不得不说，《黑客帝国》系列是商业片与科幻、哲学完美结合的典范。,,8.8,451431人评价,不得不说，《黑客帝国》系列是商业片与科幻、哲学完美结合的典范。
你的名字。,导演: 新海诚 Makoto Shinkai   主演: 神木隆之介 Ryûnosuke Kamiki / 上...,穿越错位的时空，仰望陨落的星辰，你没留下你的名字，我却无法忘记那句“我爱你”。,,8.5,1423356人评价,穿越错位的时空，仰望陨落的星辰，你没留下你的名字，我却无法忘记那句“我爱你”。
电锯惊魂,导演: 詹姆斯·温 James Wan   主演: 雷·沃纳尔 Leigh Whannell / 加利·艾...,真相就在眼前。,,8.8,539662人评价,真相就在眼前。
三块广告牌,导演: 马丁·麦克唐纳 Martin McDonagh   主演: 弗兰西斯·麦克多蒙德 France...,怼天怼地，你走后，她与世界为敌。,,8.7,828013人评价,怼天怼地，你走后，她与世界为敌。
达拉斯买家俱乐部,导演: 让-马克·瓦雷 Jean-Marc Vallée   主演: 马修·麦康纳 Matthew McCon...,Jared Leto的腿比女人还美！,,8.8,457021人评价,Jared Leto的腿比女人还美！
疯狂原始人,导演: 科克·德·米科 Kirk De Micco / 克里斯·桑德斯 Chris Sanders   主演...,老少皆宜，这就是好莱坞动画的魅力。,,8.7,846721人评价,老少皆宜，这就是好莱坞动画的魅力。
心迷宫,导演: 忻钰坤 Yukun Xin   主演: 霍卫民 Weimin Huo / 王笑天 Xiaotian Wang ...,荒诞讽刺，千奇百巧，抽丝剥茧，百转千回。,,8.7,528131人评价,荒诞讽刺，千奇百巧，抽丝剥茧，百转千回。
谍影重重3,导演: 保罗·格林格拉斯 Paul Greengrass   主演: 马特·达蒙 Matt Damon / ...,像吃了苏打饼一样干脆的电影。,,8.8,422941人评价,像吃了苏打饼一样干脆的电影。
上帝之城,导演: 费尔南多·梅里尔斯 Fernando Meirelles / 卡迪亚·兰德 Kátia Lund  &nbsp...,被上帝抛弃了的上帝之城。,,9.0,303883人评价,被上帝抛弃了的上帝之城。
英雄本色,导演: 吴宇森 John Woo   主演: 周润发 Yun-Fat Chow / 狄龙 Lung Ti / 张国...,英雄泪短，兄弟情长。 ,,8.6,547303人评价,英雄泪短，兄弟情长。
风之谷,导演: 宫崎骏 Hayao Miyazaki   主演: 岛本须美 Sumi Shimamoto / 松田洋治 Y...,动画片的圣经。,,8.9,357620人评价,动画片的圣经。
纵横四海,导演: 吴宇森 John Woo   主演: 周润发 Yun-Fat Chow / 张国荣 Leslie Cheung...,香港浪漫主义警匪动作片的巅峰之作。,,8.8,430198人评价,香港浪漫主义警匪动作片的巅峰之作。
卢旺达饭店,导演: 特瑞·乔治 Terry George   主演: 唐·钱德尔 Don Cheadle / 苏菲·奥...,当这个世界闭上双眼，他却敞开了怀抱。,,8.9,333377人评价,当这个世界闭上双眼，他却敞开了怀抱。
爱在午夜降临前,导演: 理查德·林克莱特 Richard Linklater   主演: 伊桑·霍克 Ethan Hawke ...,所谓爱情，就是话唠一路，都不会心生腻烦，彼此嫌弃。,,8.9,408453人评价,所谓爱情，就是话唠一路，都不会心生腻烦，彼此嫌弃。
海街日记,导演: 是枝裕和 Hirokazu Koreeda   主演: 绫濑遥 Haruka Ayase / 长泽雅美 M...,是枝裕和的家庭习作。,,8.8,454090人评价,是枝裕和的家庭习作。
绿里奇迹,导演: 弗兰克·德拉邦特 Frank Darabont   主演: 汤姆·汉克斯 Tom Hanks / ...,天使暂时离开。,,8.9,334065人评价,天使暂时离开。
记忆碎片,导演: 克里斯托弗·诺兰 Christopher Nolan   主演: 盖·皮尔斯 Guy Pearce /...,一个针管引发的血案。,,8.7,610182人评价,一个针管引发的血案。
小丑,导演: 托德·菲利普斯 Todd Phillips   主演: 杰昆·菲尼克斯 Joaquin Phoeni...,,,8.7,1017084人评价,
疯狂的石头,导演: 宁浩 Hao Ning   主演: 郭涛 Tao Guo / 刘桦 Hua Liu / 连晋 Teddy Lin,中国版《两杆大烟枪》。,,8.6,831285人评价,中国版《两杆大烟枪》。
背靠背，脸对脸,导演: 黄建新 Jianxin Huang / 杨亚洲 Yazhou Yang   主演: 牛振华 Zhenhua N...,,,9.5,137083人评价,
岁月神偷,导演: 罗启锐 Alex Law   主演: 吴君如 Sandra Ng / 任达华 Simon Yam / 钟绍...,岁月流逝，来日可追。,,8.7,577844人评价,岁月流逝，来日可追。
雨中曲,导演: 斯坦利·多南 Stanley Donen / 吉恩·凯利 Gene Kelly   主演: 吉恩·...,骨灰级歌舞片。,,9.1,229228人评价,骨灰级歌舞片。
忠犬八公物语,导演: 神山征二郎 Seijirô Kôyama   主演: 仲代达矢 Tatsuya Nakadai /...,养狗三日，便会对你终其一生。,,9.2,197981人评价,养狗三日，便会对你终其一生。
2001太空漫游,导演: 斯坦利·库布里克 Stanley Kubrick   主演: 凯尔·杜拉 Keir Dullea / ...,现代科幻电影的开山之作，最伟大导演的最伟大影片。,,8.9,335092人评价,现代科幻电影的开山之作，最伟大导演的最伟大影片。
心灵奇旅,导演: 彼特·道格特 Pete Docter / 凯普·鲍尔斯 Kemp Powers   主演: 杰米·...,,,8.7,994264人评价,
荒蛮故事,导演: 达米安·斯兹弗隆 Damián Szifron   主演: 达里奥·葛兰帝内提 Darío...,始于荒诞，止于更荒诞。,,8.8,448230人评价,始于荒诞，止于更荒诞。
无间道2,导演: 刘伟强 / 麦兆辉   主演: 陈冠希 Edison Chen / 余文乐 Shawn Yue / 曾...,,,8.7,485760人评价,
小偷家族,导演: 是枝裕和 Hirokazu Koreeda   主演: 中川雅也 Lily Franky / 安藤樱 Sa...,我们组成了家。,,8.7,818745人评价,我们组成了家。
无敌破坏王,导演: 瑞奇·莫尔 Rich Moore   主演: 约翰·C·赖利 John C. Reilly / 萨拉...,迪士尼和皮克斯拿错剧本的产物。,,8.7,546098人评价,迪士尼和皮克斯拿错剧本的产物。
爆裂鼓手,导演: 达米恩·查泽雷 Damien Chazelle   主演: 迈尔斯·特勒 Miles Teller /...,这个世界从不善待努力的人，努力了也不一定会成功，但是知道自己在努力，就是活下去的动力。,,8.7,594581人评价,这个世界从不善待努力的人，努力了也不一定会成功，但是知道自己在努力，就是活下去的动力。
冰川时代,导演: 卡洛斯·沙尔丹哈 Carlos Saldanha / 克里斯·韦奇 Chris Wedge   主演...,松鼠才是角儿。,,8.6,621653人评价,松鼠才是角儿。
恐怖游轮,导演: 克里斯托弗·史密斯 Christopher Smith   主演: 梅利莎·乔治 Melissa ...,不要企图在重复中寻找已经失去的爱。,,8.5,874391人评价,不要企图在重复中寻找已经失去的爱。
贫民窟的百万富翁,导演: 丹尼·鲍尔 Danny Boyle / 洛芙琳·坦丹 Loveleen Tandan   主演: 戴夫...,上帝之城+猜火车+阿甘正传+开心辞典=山寨富翁,,8.6,751004人评价,上帝之城+猜火车+阿甘正传+开心辞典=山寨富翁
东邪西毒,导演: 王家卫 Kar Wai Wong   主演: 张国荣 Leslie Cheung / 林青霞 Brigitte...,电影诗。,,8.6,581617人评价,电影诗。
牯岭街少年杀人事件,导演: 杨德昌 Edward Yang   主演: 张震 Chen Chang / 杨静怡 Lisa Yang / 张...,弱者送给弱者的一刀。,,8.9,305283人评价,弱者送给弱者的一刀。
魔女宅急便,导演: 宫崎骏 Hayao Miyazaki   主演: 高山南 Minami Takayama / 佐久间玲 Re...,宫崎骏的电影总让人感觉世界是美好的，阳光明媚的。,,8.7,464797人评价,宫崎骏的电影总让人感觉世界是美好的，阳光明媚的。
遗愿清单,导演: 罗伯·莱纳 Rob Reiner   主演: 杰克·尼科尔森 Jack Nicholson / 摩根...,用剩余不多的时间，去燃烧整个生命。,,8.7,467764人评价,用剩余不多的时间，去燃烧整个生命。
东京教父,导演: 今敏 Satoshi Kon   主演: 江守彻 Toru Emori / 梅垣义明 Yoshiaki Ume...,,,9.0,234586人评价,
大佛普拉斯,导演: 黄信尧 Hsin-yao Huang   主演: 庄益增 Yizeng Zhuang / 陈竹昇 Chu-sh...,人们可以登上月球，却永远无法探索人们内心的宇宙。,,8.7,465639人评价,人们可以登上月球，却永远无法探索人们内心的宇宙。
你看起来好像很好吃,导演: 藤森雅也 Masaya Fujimori   主演: 山口胜平 Kappei Yamaguchi / 爱河...,感情不分食草或者食肉。,,8.9,336340人评价,感情不分食草或者食肉。
真爱至上,导演: 理查德·柯蒂斯 Richard Curtis   主演: 休·格兰特 Hugh Grant / 柯林...,爱，是个动词。,,8.6,736416人评价,爱，是个动词。
黑天鹅,导演: 达伦·阿罗诺夫斯基 Darren Aronofsky   主演: 娜塔莉·波特曼 Natalie...,黑暗之美。,,8.6,785608人评价,黑暗之美。
可可西里,导演: 陆川 Chuan Lu   主演: 多布杰 Duobujie / 张磊 Lei Zhang / 亓亮 Qi L...,坚硬的信仰。,,8.9,306666人评价,坚硬的信仰。
城市之光,导演: Charles Chaplin   主演: 查理·卓别林 Charles Chaplin / 弗吉尼亚·...,永远的小人物，伟大的卓别林。,,9.3,148827人评价,永远的小人物，伟大的卓别林。
源代码,导演: 邓肯·琼斯 Duncan Jones   主演: 杰克·吉伦哈尔 Jake Gyllenhaal / ...,邓肯·琼斯继《月球》之后再度奉献出一部精彩绝伦的科幻佳作。,,8.5,842577人评价,邓肯·琼斯继《月球》之后再度奉献出一部精彩绝伦的科幻佳作。
海边的曼彻斯特,导演: 肯尼斯·罗纳根 Kenneth Lonergan   主演: 卡西·阿弗莱克 Casey Affle...,我们都有权利不与自己的过去和解。,,8.6,550007人评价,我们都有权利不与自己的过去和解。
雨人,导演: 巴瑞·莱文森 Barry Levinson   主演: 达斯汀·霍夫曼 Dustin Hoffman ...,生活在自己的世界里，也可以让周围的人显得可笑和渺小。,,8.7,407553人评价,生活在自己的世界里，也可以让周围的人显得可笑和渺小。
波西米亚狂想曲,导演: 布莱恩·辛格 Bryan Singer   主演: 拉米·马雷克 Rami Malek / 本·哈...,,,8.6,612271人评价,
初恋这件小事,导演: 普特鹏·普罗萨卡·那·萨克那卡林 Puttipong Promsaka Na Sakolnakorn / 华森·波克彭...,黑小鸭速效美白记。,,8.5,986222人评价,黑小鸭速效美白记。
恋恋笔记本,导演: 尼克·卡索维茨 Nick Cassavetes   主演: 瑞恩·高斯林 Ryan Gosling /...,爱情没有那么多借口，如果不能圆满，只能说明爱的不够。 ,,8.5,677930人评价,爱情没有那么多借口，如果不能圆满，只能说明爱的不够。
人工智能,导演: 史蒂文·斯皮尔伯格 Steven Spielberg   主演: 海利·乔·奥斯蒙 Haley...,对爱的执着，可以超越一切。,,8.7,451541人评价,对爱的执着，可以超越一切。
青蛇,导演: 徐克 Hark Tsui   主演: 张曼玉 Maggie Cheung / 王祖贤 Joey Wang / ...,人生如此，浮生如斯。谁人言，花彼岸，此生情长意短。谁都是不懂爱的罢了。,,8.6,532291人评价,人生如此，浮生如斯。谁人言，花彼岸，此生情长意短。谁都是不懂爱的罢了。
虎口脱险,导演: 杰拉尔·乌里 Gérard Oury   主演: 路易·德·菲耐斯 Louis de Funès...,永远看不腻的喜剧。,,8.9,260333人评价,永远看不腻的喜剧。
终结者2：审判日,导演: 詹姆斯·卡梅隆 James Cameron   主演: 阿诺·施瓦辛格 Arnold Schwarz...,少见的超越首部的续集，动作片中的经典。,,8.8,345198人评价,少见的超越首部的续集，动作片中的经典。
疯狂的麦克斯4：狂暴之路,导演: 乔治·米勒 George Miller   主演: 汤姆·哈迪 Tom Hardy / 查理兹·塞...,“多么美好的一天！”轰轰轰砰咚，啪哒哒哒轰隆隆，磅~,,8.7,536193人评价,“多么美好的一天！”轰轰轰砰咚，啪哒哒哒轰隆隆，磅~
末路狂花,导演: 雷德利·斯科特 Ridley Scott   主演: 吉娜·戴维斯 Geena Davis / 苏...,没有了退路，只好飞向自由。,,8.9,262575人评价,没有了退路，只好飞向自由。
罗生门,导演: 黑泽明 Akira Kurosawa   主演: 三船敏郎 Toshirô Mifune / 京町子 ...,人生的N种可能性。,,8.8,318220人评价,人生的N种可能性。
新龙门客栈,导演: 李惠民 Raymond Lee   主演: 张曼玉 Maggie Cheung / 林青霞 Brigitte ...,嬉笑怒骂，调风动月。,,8.7,449347人评价,嬉笑怒骂，调风动月。
萤火虫之墓,导演: 高畑勋 Isao Takahata   主演: 辰己努 / 白石绫乃 / 志乃原良子,幸福是生生不息，却难以触及的远。 ,,8.7,407519人评价,幸福是生生不息，却难以触及的远。
千钧一发,导演: 安德鲁·尼科尔 Andrew Niccol   主演: 伊桑·霍克 Ethan Hawke / 乌玛...,一部能引人思考的科幻励志片。,,8.8,303074人评价,一部能引人思考的科幻励志片。
无耻混蛋,导演: 昆汀·塔伦蒂诺 Quentin Tarantino   主演: 布拉德·皮特 Brad Pitt / ...,昆汀同学越来越变态了，比北野武还杜琪峰。,,8.7,483766人评价,昆汀同学越来越变态了，比北野武还杜琪峰。
崖上的波妞,导演: 宫崎骏 Hayao Miyazaki   主演: 奈良柚莉爱 Yuria Nara / 土井洋辉 Hir...,,,8.6,504143人评价,
花束般的恋爱,导演: 土井裕泰 Nobuhiro Doi   主演: 菅田将晖 Masaki Suda / 有村架纯 Kasu...,,,8.6,636453人评价,
彗星来的那一夜,导演: 詹姆斯·沃德·布柯特 James Ward Byrkit   主演: 艾米丽·芭尔多尼 Em...,小成本大魅力。,,8.6,588378人评价,小成本大魅力。
芙蓉镇,导演: 谢晋 Jin Xie   主演: 刘晓庆 Xiaoqing Liu / 姜文 Wen Jiang / 郑在石...,,,9.3,142747人评价,
奇迹男孩,导演: 斯蒂芬·卓博斯基 Stephen Chbosky   主演: 雅各布·特伦布莱 Jacob Tr...,世界不完美，爱会有奇迹。,,8.6,555282人评价,世界不完美，爱会有奇迹。
爱乐之城,导演: 达米恩·查泽雷 Damien Chazelle   主演: 瑞恩·高斯林 Ryan Gosling /...,,,8.4,909787人评价,
二十二,导演: 郭柯 Ke Guo   主演:,有一些东西不应该被遗忘。,,8.7,293642人评价,有一些东西不应该被遗忘。
黑客帝国2：重装上阵,导演: 拉娜·沃卓斯基 Lana Wachowski / 莉莉·沃卓斯基 Lilly Wachowski   ...,一个精彩的世界观正在缓缓建立。,,8.7,410394人评价,一个精彩的世界观正在缓缓建立。
哈利·波特与死亡圣器(上),导演: 大卫·叶茨 David Yates   主演: 丹尼尔·雷德克里夫 Daniel Radcliffe...,最忠于原著的一部。,,8.5,584899人评价,最忠于原著的一部。
血钻,导演: 爱德华·兹威克 Edward Zwick   主演: 莱昂纳多·迪卡普里奥 Leonardo ...,每个美丽事物背后都是滴血的现实。,,8.7,383911人评价,每个美丽事物背后都是滴血的现实。
战争之王,导演: 安德鲁·尼科尔 Andrew Niccol   主演: 尼古拉斯·凯奇 Nicolas Cage /...,做一颗让别人需要你的棋子。,,8.7,372718人评价,做一颗让别人需要你的棋子。
步履不停,导演: 是枝裕和 Hirokazu Koreeda   主演: 阿部宽 Hiroshi Abe / 夏川结衣 Yu...,日本的家庭电影已经是世界巅峰了，步履不停是巅峰中的佳作。,,8.8,282475人评价,日本的家庭电影已经是世界巅峰了，步履不停是巅峰中的佳作。
房间,导演: 伦尼·阿伯拉罕森 Lenny Abrahamson   主演: 布丽·拉尔森 Brie Larson...,被偷走的岁月，被伤害的生命，被禁锢的灵魂，终将被希望和善意救赎。,,8.8,370611人评价,被偷走的岁月，被伤害的生命，被禁锢的灵魂，终将被希望和善意救赎。
火星救援,导演: 雷德利·斯科特 Ridley Scott   主演: 马特·达蒙 Matt Damon / 杰西卡...,,,8.5,737683人评价,
魂断蓝桥,导演: 茂文·勒鲁瓦 Mervyn LeRoy   主演: 费雯·丽 Vivien Leigh / 罗伯特·...,中国式内在的美国电影。,,8.8,281507人评价,中国式内在的美国电影。
千年女优,导演: 今敏 Satoshi Kon   主演: 庄司美代子 Miyoko Shôji / 小山茉美 Mam...,爱情是一场没有尽头的虚幻追逐。,,8.8,271735人评价,爱情是一场没有尽头的虚幻追逐。
谍影重重2,导演: 保罗·格林格拉斯 Paul Greengrass   主演: 马特·达蒙 Matt Damon / ...,谁说王家卫镜头很晃？,,8.7,356719人评价,谁说王家卫镜头很晃？
白日梦想家,导演: 本·斯蒂勒 Ben Stiller   主演: 本·斯蒂勒 Ben Stiller / 克里斯汀·...,,,8.6,490985人评价,
哈利·波特与凤凰社,导演: 大卫·叶茨 David Yates   主演: 丹尼尔·雷德克里夫 Daniel Radcliffe...,,,8.5,578958人评价,
弱点,导演: 约翰·李·汉考克 John Lee Hancock   主演: 桑德拉·布洛克 Sandra Bu...,拍掉身上的悲伤，从今天开始重新踏上追梦之旅。,,8.7,313231人评价,拍掉身上的悲伤，从今天开始重新踏上追梦之旅。
阿飞正传,导演: 王家卫 Kar Wai Wong   主演: 张国荣 Leslie Cheung / 张曼玉 Maggie C...,王家卫是一种风格，张国荣是一个代表。,,8.5,515939人评价,王家卫是一种风格，张国荣是一个代表。
蜘蛛侠：平行宇宙,导演: 鲍勃·佩尔西凯蒂 Bob Persichetti / 彼得·拉姆齐 Peter Ramsey   主...,,,8.6,673825人评价,
谍影重重,导演: 道格·里曼 Doug Liman   主演: 马特·达蒙 Matt Damon / 弗兰卡·波坦...,哗啦啦啦啦，天在下雨，哗啦啦啦啦，云在哭泣……找自己。,,8.6,432101人评价,哗啦啦啦啦，天在下雨，哗啦啦啦啦，云在哭泣……找自己。
朗读者,导演: 史蒂芬·戴德利 Stephen Daldry   主演: 凯特·温丝莱特 Kate Winslet ...,当爱情跨越年龄的界限，它似乎能变得更久远一点，成为一种责任，一种水到渠成的相濡以沫。 ,,8.6,456736人评价,当爱情跨越年龄的界限，它似乎能变得更久远一点，成为一种责任，一种水到渠成的相濡以沫。
燃情岁月,导演: 爱德华·兹威克 Edward Zwick   主演: 布拉德·皮特 Brad Pitt / 安东...,传奇，不是每个人都可以拥有。,,8.7,289568人评价,传奇，不是每个人都可以拥有。
再次出发之纽约遇见你,导演: 约翰·卡尼 John Carney   主演: 凯拉·奈特莉 Keira Knightley / 马克...,爱我就给我看你的播放列表。,,8.6,431088人评价,爱我就给我看你的播放列表。
香水,导演: 汤姆·提克威 Tom Tykwer   主演: 本·卫肖 Ben Whishaw / 艾伦·瑞克...,一个单凭体香达到高潮的男人。,,8.5,548316人评价,一个单凭体香达到高潮的男人。
发条橙,导演: 斯坦利·库布里克 Stanley Kubrick   主演: 马尔科姆·麦克道威尔 Malc...,我完全康复了。,,8.6,369290人评价,我完全康复了。
